{"Modules":[{"Key":"seed_bootstrap","Source":"registry.terraform.io/terraform-google-modules/bootstrap/google","Version":"6.2.0","Dir":".terraform/modules/seed_bootstrap"},{"Key":"parent_iam_member","Source":"./modules/parent-iam-member","Dir":"modules/parent-iam-member"},{"Key":"tf_workspace.artifacts_bucket","Source":"registry.terraform.io/terraform-google-modules/cloud-storage/google//modules/simple_bucket","Version":"3.4.0","Dir":".terraform/modules/tf_workspace.artifacts_bucket/modules/simple_bucket"},{"Key":"seed_bootstrap.enable_cross_project_service_account_usage","Source":"registry.terraform.io/terraform-google-modules/org-policy/google","Version":"5.2.0","Dir":".terraform/modules/seed_bootstrap.enable_cross_project_service_account_usage"},{"Key":"seed_bootstrap.seed_project.project-factory.project_services","Source":"../project_services","Dir":".terraform/modules/seed_bootstrap.seed_project/modules/project_services"},{"Key":"tf_source.cloudbuild_project.quotas","Source":"./modules/quota_manager","Dir":".terraform/modules/tf_source.cloudbuild_project/modules/quota_manager"},{"Key":"tf_source.cloudbuild_project","Source":"registry.terraform.io/terraform-google-modules/project-factory/google","Version":"13.1.0","Dir":".terraform/modules/tf_source.cloudbuild_project"},{"Key":"","Source":"","Dir":"."},{"Key":"tf_source.cloudbuild_project.budget","Source":"./modules/budget","Dir":".terraform/modules/tf_source.cloudbuild_project/modules/budget"},{"Key":"org_iam_member","Source":"./modules/parent-iam-member","Dir":"modules/parent-iam-member"},{"Key":"optional_group","Source":"registry.terraform.io/terraform-google-modules/group/google","Version":"0.4.0","Dir":".terraform/modules/optional_group"},{"Key":"seed_bootstrap.seed_project.budget","Source":"./modules/budget","Dir":".terraform/modules/seed_bootstrap.seed_project/modules/budget"},{"Key":"tf_source","Source":"registry.terraform.io/terraform-google-modules/bootstrap/google//modules/tf_cloudbuild_source","Version":"6.2.0","Dir":".terraform/modules/tf_source/modules/tf_cloudbuild_source"},{"Key":"build_terraform_image","Source":"registry.terraform.io/terraform-google-modules/gcloud/google","Version":"3.1.2","Dir":".terraform/modules/build_terraform_image"},{"Key":"tf_source.cloudbuild_bucket","Source":"registry.terraform.io/terraform-google-modules/cloud-storage/google//modules/simple_bucket","Version":"3.4.0","Dir":".terraform/modules/tf_source.cloudbuild_bucket/modules/simple_bucket"},{"Key":"seed_bootstrap.seed_project.gsuite_group","Source":"./modules/gsuite_group","Dir":".terraform/modules/seed_bootstrap.seed_project/modules/gsuite_group"},{"Key":"seed_bootstrap.seed_project.essential_contacts","Source":"./modules/essential_contacts","Dir":".terraform/modules/seed_bootstrap.seed_project/modules/essential_contacts"},{"Key":"tf_source.cloudbuild_project.project-factory","Source":"./modules/core_project_factory","Dir":".terraform/modules/tf_source.cloudbuild_project/modules/core_project_factory"},{"Key":"seed_bootstrap.seed_project","Source":"registry.terraform.io/terraform-google-modules/project-factory/google","Version":"13.1.0","Dir":".terraform/modules/seed_bootstrap.seed_project"},{"Key":"tf_workspace.log_bucket","Source":"registry.terraform.io/terraform-google-modules/cloud-storage/google//modules/simple_bucket","Version":"3.4.0","Dir":".terraform/modules/tf_workspace.log_bucket/modules/simple_bucket"},{"Key":"seed_bootstrap.kms","Source":"registry.terraform.io/terraform-google-modules/kms/google","Version":"2.2.1","Dir":".terraform/modules/seed_bootstrap.kms"},{"Key":"bootstrap_csr_repo","Source":"registry.terraform.io/terraform-google-modules/gcloud/google","Version":"3.1.2","Dir":".terraform/modules/bootstrap_csr_repo"},{"Key":"tf_workspace.state_bucket","Source":"registry.terraform.io/terraform-google-modules/cloud-storage/google//modules/simple_bucket","Version":"3.4.0","Dir":".terraform/modules/tf_workspace.state_bucket/modules/simple_bucket"},{"Key":"required_group","Source":"registry.terraform.io/terraform-google-modules/group/google","Version":"0.4.0","Dir":".terraform/modules/required_group"},{"Key":"tf_source.cloudbuild_project.gsuite_group","Source":"./modules/gsuite_group","Dir":".terraform/modules/tf_source.cloudbuild_project/modules/gsuite_group"},{"Key":"project_iam_member","Source":"./modules/parent-iam-member","Dir":"modules/parent-iam-member"},{"Key":"tf_source.cloudbuild_project.project-factory.project_services","Source":"../project_services","Dir":".terraform/modules/tf_source.cloudbuild_project/modules/project_services"},{"Key":"seed_bootstrap.seed_project.quotas","Source":"./modules/quota_manager","Dir":".terraform/modules/seed_bootstrap.seed_project/modules/quota_manager"},{"Key":"seed_bootstrap.seed_project.shared_vpc_access","Source":"./modules/shared_vpc_access","Dir":".terraform/modules/seed_bootstrap.seed_project/modules/shared_vpc_access"},{"Key":"tf_cloud_builder","Source":"registry.terraform.io/terraform-google-modules/bootstrap/google//modules/tf_cloudbuild_builder","Version":"6.2.0","Dir":".terraform/modules/tf_cloud_builder/modules/tf_cloudbuild_builder"},{"Key":"tf_source.cloudbuild_project.shared_vpc_access","Source":"./modules/shared_vpc_access","Dir":".terraform/modules/tf_source.cloudbuild_project/modules/shared_vpc_access"},{"Key":"tf_source.cloudbuild_project.essential_contacts","Source":"./modules/essential_contacts","Dir":".terraform/modules/tf_source.cloudbuild_project/modules/essential_contacts"},{"Key":"tf_cloud_builder.bucket","Source":"registry.terraform.io/terraform-google-modules/cloud-storage/google//modules/simple_bucket","Version":"3.4.0","Dir":".terraform/modules/tf_cloud_builder.bucket/modules/simple_bucket"},{"Key":"tf_workspace","Source":"registry.terraform.io/terraform-google-modules/bootstrap/google//modules/tf_cloudbuild_workspace","Version":"6.2.0","Dir":".terraform/modules/tf_workspace/modules/tf_cloudbuild_workspace"},{"Key":"seed_bootstrap.seed_project.project-factory","Source":"./modules/core_project_factory","Dir":".terraform/modules/seed_bootstrap.seed_project/modules/core_project_factory"}]}